INSERT INTO dictionary.user_status (id, code, created_by, created_date, modified_by, modified_date)
VALUES (1, 'NEW', 'user-repository', now(), 'user-repository', now());
INSERT INTO dictionary.user_status (id, code, created_by, created_date, modified_by, modified_date)
VALUES (2, 'ACTIVE', 'user-repository', now(), 'user-repository', now());

INSERT INTO dictionary.gender (id, code, created_by, created_date, modified_by, modified_date)
VALUES (1, 'MALE', 'user-repository', now(), 'user-repository', now());
INSERT INTO dictionary.gender (id, code, created_by, created_date, modified_by, modified_date)
VALUES (2, 'FEMALE', 'user-repository', now(), 'user-repository', now());

INSERT INTO dictionary.country (id, code, created_by, created_date, modified_by, modified_date)
VALUES (1, 'PL', 'user-repository', now(), 'user-repository', now());
INSERT INTO dictionary.country (id, code, created_by, created_date, modified_by, modified_date)
VALUES (2, 'AT', 'user-repository', now(), 'user-repository', now());
INSERT INTO dictionary.country (id, code, created_by, created_date, modified_by, modified_date)
VALUES (3, 'BE', 'user-repository', now(), 'user-repository', now());
INSERT INTO dictionary.country (id, code, created_by, created_date, modified_by, modified_date)
VALUES (4, 'CZ', 'user-repository', now(), 'user-repository', now());
INSERT INTO dictionary.country (id, code, created_by, created_date, modified_by, modified_date)
VALUES (5, 'DK', 'user-repository', now(), 'user-repository', now());
INSERT INTO dictionary.country (id, code, created_by, created_date, modified_by, modified_date)
VALUES (6, 'FI', 'user-repository', now(), 'user-repository', now());
INSERT INTO dictionary.country (id, code, created_by, created_date, modified_by, modified_date)
VALUES (7, 'FR', 'user-repository', now(), 'user-repository', now());
INSERT INTO dictionary.country (id, code, created_by, created_date, modified_by, modified_date)
VALUES (8, 'ES', 'user-repository', now(), 'user-repository', now());
INSERT INTO dictionary.country (id, code, created_by, created_date, modified_by, modified_date)
VALUES (9, 'NL', 'user-repository', now(), 'user-repository', now());
INSERT INTO dictionary.country (id, code, created_by, created_date, modified_by, modified_date)
VALUES (10, 'IE', 'user-repository', now(), 'user-repository', now());
INSERT INTO dictionary.country (id, code, created_by, created_date, modified_by, modified_date)
VALUES (11, 'LU', 'user-repository', now(), 'user-repository', now());
INSERT INTO dictionary.country (id, code, created_by, created_date, modified_by, modified_date)
VALUES (12, 'DE', 'user-repository', now(), 'user-repository', now());
INSERT INTO dictionary.country (id, code, created_by, created_date, modified_by, modified_date)
VALUES (13, 'NO', 'user-repository', now(), 'user-repository', now());
INSERT INTO dictionary.country (id, code, created_by, created_date, modified_by, modified_date)
VALUES (14, 'PT', 'user-repository', now(), 'user-repository', now());
INSERT INTO dictionary.country (id, code, created_by, created_date, modified_by, modified_date)
VALUES (15, 'CH', 'user-repository', now(), 'user-repository', now());
INSERT INTO dictionary.country (id, code, created_by, created_date, modified_by, modified_date)
VALUES (16, 'SE', 'user-repository', now(), 'user-repository', now());
INSERT INTO dictionary.country (id, code, created_by, created_date, modified_by, modified_date)
VALUES (17, 'GB', 'user-repository', now(), 'user-repository', now());
INSERT INTO dictionary.country (id, code, created_by, created_date, modified_by, modified_date)
VALUES (18, 'IT', 'user-repository', now(), 'user-repository', now());

INSERT INTO dictionary.phone_country (id, code, dialling_code, country_id, created_by, created_date, modified_by, modified_date)
VALUES (1, 'PL_48', '48', 1, 'user-repository', now(), 'user-repository', now());
INSERT INTO dictionary.phone_country (id, code, dialling_code, country_id, created_by, created_date, modified_by, modified_date)
VALUES (2, 'AT_43', '43', 2, 'user-repository', now(), 'user-repository', now());
INSERT INTO dictionary.phone_country (id, code, dialling_code, country_id, created_by, created_date, modified_by, modified_date)
VALUES (3, 'BE_32', '32', 3, 'user-repository', now(), 'user-repository', now());
INSERT INTO dictionary.phone_country (id, code, dialling_code, country_id, created_by, created_date, modified_by, modified_date)
VALUES (4, 'CZ_420', '420', 4, 'user-repository', now(), 'user-repository', now());
INSERT INTO dictionary.phone_country (id, code, dialling_code, country_id, created_by, created_date, modified_by, modified_date)
VALUES (5, 'DK_45', '45', 5, 'user-repository', now(), 'user-repository', now());
INSERT INTO dictionary.phone_country (id, code, dialling_code, country_id, created_by, created_date, modified_by, modified_date)
VALUES (6, 'FI_358', '358', 6, 'user-repository', now(), 'user-repository', now());
INSERT INTO dictionary.phone_country (id, code, dialling_code, country_id, created_by, created_date, modified_by, modified_date)
VALUES (7, 'FR_33', '43', 7, 'user-repository', now(), 'user-repository', now());
INSERT INTO dictionary.phone_country (id, code, dialling_code, country_id, created_by, created_date, modified_by, modified_date)
VALUES (8, 'ES_34', '34', 8, 'user-repository', now(), 'user-repository', now());
INSERT INTO dictionary.phone_country (id, code, dialling_code, country_id, created_by, created_date, modified_by, modified_date)
VALUES (9, 'NL_31', '31', 9, 'user-repository', now(), 'user-repository', now());
INSERT INTO dictionary.phone_country (id, code, dialling_code, country_id, created_by, created_date, modified_by, modified_date)
VALUES (10, 'IE_353', '353', 10, 'user-repository', now(), 'user-repository', now());
INSERT INTO dictionary.phone_country (id, code, dialling_code, country_id, created_by, created_date, modified_by, modified_date)
VALUES (11, 'LU_352', '352', 11, 'user-repository', now(), 'user-repository', now());
INSERT INTO dictionary.phone_country (id, code, dialling_code, country_id, created_by, created_date, modified_by, modified_date)
VALUES (12, 'DE_49', '49', 12, 'user-repository', now(), 'user-repository', now());
INSERT INTO dictionary.phone_country (id, code, dialling_code, country_id, created_by, created_date, modified_by, modified_date)
VALUES (13, 'NO_47', '47', 13, 'user-repository', now(), 'user-repository', now());
INSERT INTO dictionary.phone_country (id, code, dialling_code, country_id, created_by, created_date, modified_by, modified_date)
VALUES (14, 'PT_351', '351', 14, 'user-repository', now(), 'user-repository', now());
INSERT INTO dictionary.phone_country (id, code, dialling_code, country_id, created_by, created_date, modified_by, modified_date)
VALUES (15, 'CH_41', '41', 15, 'user-repository', now(), 'user-repository', now());
INSERT INTO dictionary.phone_country (id, code, dialling_code, country_id, created_by, created_date, modified_by, modified_date)
VALUES (16, 'SE_46', '46', 16, 'user-repository', now(), 'user-repository', now());
INSERT INTO dictionary.phone_country (id, code, dialling_code, country_id, created_by, created_date, modified_by, modified_date)
VALUES (17, 'GB_44', '44', 17, 'user-repository', now(), 'user-repository', now());
INSERT INTO dictionary.phone_country (id, code, dialling_code, country_id, created_by, created_date, modified_by, modified_date)
VALUES (18, 'IT_39', '39', 18, 'user-repository', now(), 'user-repository', now());